sample	unit	platform	fq1	fq2
1	1	ILLUMINA	/scratch/user/jfaberha/20250811_113557/admera/gp_analysis/rudflies_batch2/9373/pool-1/1_S235_L002_R1_001.fastq.gz	/scratch/user/jfaberha/20250811_113557/admera/gp_analysis/rudflies_batch2/9373/pool-1/1_S235_L002_R2_001.fastq.gz
2	1	ILLUMINA	/scratch/user/jfaberha/20250811_113557/admera/gp_analysis/rudflies/H7JTLDSXF/8022/2_S9_L002_R1_001.fastq.gz	/scratch/user/jfaberha/20250811_113557/admera/gp_analysis/rudflies/H7JTLDSXF/8022/2_S9_L002_R2_001.fastq.gz
3	1	ILLUMINA	/scratch/user/jfaberha/20250811_113557/admera/gp_analysis/rudflies/H7JTLDSXF/8022/3_S17_L002_R1_001.fastq.gz	/scratch/user/jfaberha/20250811_113557/admera/gp_analysis/rudflies/H7JTLDSXF/8022/3_S17_L002_R2_001.fastq.gz
4	1	ILLUMINA	/scratch/user/jfaberha/20250811_113557/admera/gp_analysis/rudflies/H7JTLDSXF/8022/4_S25_L002_R1_001.fastq.gz	/scratch/user/jfaberha/20250811_113557/admera/gp_analysis/rudflies/H7JTLDSXF/8022/4_S25_L002_R2_001.fastq.gz
5	1	ILLUMINA	/scratch/user/jfaberha/20250811_113557/admera/gp_analysis/rudflies/H7JTLDSXF/8022/5_S33_L002_R1_001.fastq.gz	/scratch/user/jfaberha/20250811_113557/admera/gp_analysis/rudflies/H7JTLDSXF/8022/5_S33_L002_R2_001.fastq.gz
6	1	ILLUMINA	/scratch/user/jfaberha/20250811_113557/admera/gp_analysis/rudflies/H7JTLDSXF/8022/6_S41_L002_R1_001.fastq.gz	/scratch/user/jfaberha/20250811_113557/admera/gp_analysis/rudflies/H7JTLDSXF/8022/6_S41_L002_R2_001.fastq.gz
7	1	ILLUMINA	/scratch/user/jfaberha/20250811_113557/admera/gp_analysis/rudflies/H7JTLDSXF/8022/7_S49_L002_R1_001.fastq.gz	/scratch/user/jfaberha/20250811_113557/admera/gp_analysis/rudflies/H7JTLDSXF/8022/7_S49_L002_R2_001.fastq.gz
8	1	ILLUMINA	/scratch/user/jfaberha/20250811_113557/admera/gp_analysis/rudflies/H7JTLDSXF/8022/8_S57_L002_R1_001.fastq.gz	/scratch/user/jfaberha/20250811_113557/admera/gp_analysis/rudflies/H7JTLDSXF/8022/8_S57_L002_R2_001.fastq.gz
9	1	ILLUMINA	/scratch/user/jfaberha/20250811_113557/admera/gp_analysis/rudflies/H7JTLDSXF/8022/9_S65_L002_R1_001.fastq.gz	/scratch/user/jfaberha/20250811_113557/admera/gp_analysis/rudflies/H7JTLDSXF/8022/9_S65_L002_R2_001.fastq.gz
10	1	ILLUMINA	/scratch/user/jfaberha/20250811_113557/admera/gp_analysis/rudflies/H7JTLDSXF/8022/10_S73_L002_R1_001.fastq.gz	/scratch/user/jfaberha/20250811_113557/admera/gp_analysis/rudflies/H7JTLDSXF/8022/10_S73_L002_R2_001.fastq.gz
11	1	ILLUMINA	/scratch/user/jfaberha/20250811_113557/admera/gp_analysis/rudflies/H7JTLDSXF/8022/11_S81_L002_R1_001.fastq.gz	/scratch/user/jfaberha/20250811_113557/admera/gp_analysis/rudflies/H7JTLDSXF/8022/11_S81_L002_R2_001.fastq.gz
12	1	ILLUMINA	/scratch/user/jfaberha/20250811_113557/admera/gp_analysis/rudflies/H7JTLDSXF/8022/12_S89_L002_R1_001.fastq.gz	/scratch/user/jfaberha/20250811_113557/admera/gp_analysis/rudflies/H7JTLDSXF/8022/12_S89_L002_R2_001.fastq.gz
13	1	ILLUMINA	/scratch/user/jfaberha/20250811_113557/admera/gp_analysis/rudflies/H7JTLDSXF/8022/13_S2_L002_R1_001.fastq.gz	/scratch/user/jfaberha/20250811_113557/admera/gp_analysis/rudflies/H7JTLDSXF/8022/13_S2_L002_R2_001.fastq.gz
14	1	ILLUMINA	/scratch/user/jfaberha/20250811_113557/admera/gp_analysis/rudflies/H7JTLDSXF/8022/14_S10_L002_R1_001.fastq.gz	/scratch/user/jfaberha/20250811_113557/admera/gp_analysis/rudflies/H7JTLDSXF/8022/14_S10_L002_R2_001.fastq.gz
15	1	ILLUMINA	/scratch/user/jfaberha/20250811_113557/admera/gp_analysis/rudflies/H7JTLDSXF/8022/15_S18_L002_R1_001.fastq.gz	/scratch/user/jfaberha/20250811_113557/admera/gp_analysis/rudflies/H7JTLDSXF/8022/15_S18_L002_R2_001.fastq.gz
16	1	ILLUMINA	/scratch/user/jfaberha/20250811_113557/admera/gp_analysis/rudflies/H7JTLDSXF/8022/16_S26_L002_R1_001.fastq.gz	/scratch/user/jfaberha/20250811_113557/admera/gp_analysis/rudflies/H7JTLDSXF/8022/16_S26_L002_R2_001.fastq.gz
17	1	ILLUMINA	/scratch/user/jfaberha/20250811_113557/admera/gp_analysis/rudflies/H7JTLDSXF/8022/17_S34_L002_R1_001.fastq.gz	/scratch/user/jfaberha/20250811_113557/admera/gp_analysis/rudflies/H7JTLDSXF/8022/17_S34_L002_R2_001.fastq.gz
18	1	ILLUMINA	/scratch/user/jfaberha/20250811_113557/admera/gp_analysis/rudflies/H7JTLDSXF/8022/18_S42_L002_R1_001.fastq.gz	/scratch/user/jfaberha/20250811_113557/admera/gp_analysis/rudflies/H7JTLDSXF/8022/18_S42_L002_R2_001.fastq.gz
19	1	ILLUMINA	/scratch/user/jfaberha/20250811_113557/admera/gp_analysis/rudflies/H7JTLDSXF/8022/19_S50_L002_R1_001.fastq.gz	/scratch/user/jfaberha/20250811_113557/admera/gp_analysis/rudflies/H7JTLDSXF/8022/19_S50_L002_R2_001.fastq.gz
20	1	ILLUMINA	/scratch/user/jfaberha/20250811_113557/admera/gp_analysis/rudflies/H7JTLDSXF/8022/20_S58_L002_R1_001.fastq.gz	/scratch/user/jfaberha/20250811_113557/admera/gp_analysis/rudflies/H7JTLDSXF/8022/20_S58_L002_R2_001.fastq.gz
21	1	ILLUMINA	/scratch/user/jfaberha/20250811_113557/admera/gp_analysis/rudflies/H7JTLDSXF/8022/21_S66_L002_R1_001.fastq.gz	/scratch/user/jfaberha/20250811_113557/admera/gp_analysis/rudflies/H7JTLDSXF/8022/21_S66_L002_R2_001.fastq.gz
22	1	ILLUMINA	/scratch/user/jfaberha/20250811_113557/admera/gp_analysis/rudflies/H7JTLDSXF/8022/22_S74_L002_R1_001.fastq.gz	/scratch/user/jfaberha/20250811_113557/admera/gp_analysis/rudflies/H7JTLDSXF/8022/22_S74_L002_R2_001.fastq.gz
23	1	ILLUMINA	/scratch/user/jfaberha/20250811_113557/admera/gp_analysis/rudflies/H7JTLDSXF/8022/23_S82_L002_R1_001.fastq.gz	/scratch/user/jfaberha/20250811_113557/admera/gp_analysis/rudflies/H7JTLDSXF/8022/23_S82_L002_R2_001.fastq.gz
24	1	ILLUMINA	/scratch/user/jfaberha/20250811_113557/admera/gp_analysis/rudflies/H7JTLDSXF/8022/24_S90_L002_R1_001.fastq.gz	/scratch/user/jfaberha/20250811_113557/admera/gp_analysis/rudflies/H7JTLDSXF/8022/24_S90_L002_R2_001.fastq.gz
25	1	ILLUMINA	/scratch/user/jfaberha/20250811_113557/admera/gp_analysis/rudflies/H7JTLDSXF/8022/25_S3_L002_R1_001.fastq.gz	/scratch/user/jfaberha/20250811_113557/admera/gp_analysis/rudflies/H7JTLDSXF/8022/25_S3_L002_R2_001.fastq.gz
26	1	ILLUMINA	/scratch/user/jfaberha/20250811_113557/admera/gp_analysis/rudflies/H7JTLDSXF/8022/26_S11_L002_R1_001.fastq.gz	/scratch/user/jfaberha/20250811_113557/admera/gp_analysis/rudflies/H7JTLDSXF/8022/26_S11_L002_R2_001.fastq.gz
27	1	ILLUMINA	/scratch/user/jfaberha/20250811_113557/admera/gp_analysis/rudflies/H7JTLDSXF/8022/27_S19_L002_R1_001.fastq.gz	/scratch/user/jfaberha/20250811_113557/admera/gp_analysis/rudflies/H7JTLDSXF/8022/27_S19_L002_R2_001.fastq.gz
28	1	ILLUMINA	/scratch/user/jfaberha/20250811_113557/admera/gp_analysis/rudflies/H7JTLDSXF/8022/28_S27_L002_R1_001.fastq.gz	/scratch/user/jfaberha/20250811_113557/admera/gp_analysis/rudflies/H7JTLDSXF/8022/28_S27_L002_R2_001.fastq.gz
29	1	ILLUMINA	/scratch/user/jfaberha/20250811_113557/admera/gp_analysis/rudflies/H7JTLDSXF/8022/29_S35_L002_R1_001.fastq.gz	/scratch/user/jfaberha/20250811_113557/admera/gp_analysis/rudflies/H7JTLDSXF/8022/29_S35_L002_R2_001.fastq.gz
30	1	ILLUMINA	/scratch/user/jfaberha/20250811_113557/admera/gp_analysis/rudflies/H7JTLDSXF/8022/30_S43_L002_R1_001.fastq.gz	/scratch/user/jfaberha/20250811_113557/admera/gp_analysis/rudflies/H7JTLDSXF/8022/30_S43_L002_R2_001.fastq.gz
30	2	ILLUMINA	/scratch/user/jfaberha/20250811_113557/admera/gp_analysis/rudflies_batch2/9373/pool-1/30_S236_L002_R1_001.fastq.gz	/scratch/user/jfaberha/20250811_113557/admera/gp_analysis/rudflies_batch2/9373/pool-1/30_S236_L002_R2_001.fastq.gz
31	1	ILLUMINA	/scratch/user/jfaberha/20250811_113557/admera/gp_analysis/rudflies/H7JTLDSXF/8022/31_S51_L002_R1_001.fastq.gz	/scratch/user/jfaberha/20250811_113557/admera/gp_analysis/rudflies/H7JTLDSXF/8022/31_S51_L002_R2_001.fastq.gz
31	2	ILLUMINA	/scratch/user/jfaberha/20250811_113557/admera/gp_analysis/rudflies_batch2/9373/pool-1/31_S237_L002_R1_001.fastq.gz	/scratch/user/jfaberha/20250811_113557/admera/gp_analysis/rudflies_batch2/9373/pool-1/31_S237_L002_R2_001.fastq.gz
32	1	ILLUMINA	/scratch/user/jfaberha/20250811_113557/admera/gp_analysis/rudflies/H7JTLDSXF/8022/32_S59_L002_R1_001.fastq.gz	/scratch/user/jfaberha/20250811_113557/admera/gp_analysis/rudflies/H7JTLDSXF/8022/32_S59_L002_R2_001.fastq.gz
33	1	ILLUMINA	/scratch/user/jfaberha/20250811_113557/admera/gp_analysis/rudflies/H7JTLDSXF/8022/33_S67_L002_R1_001.fastq.gz	/scratch/user/jfaberha/20250811_113557/admera/gp_analysis/rudflies/H7JTLDSXF/8022/33_S67_L002_R2_001.fastq.gz
33	2	ILLUMINA	/scratch/user/jfaberha/20250811_113557/admera/gp_analysis/rudflies_batch2/9373/pool-1/33_S238_L002_R1_001.fastq.gz	/scratch/user/jfaberha/20250811_113557/admera/gp_analysis/rudflies_batch2/9373/pool-1/33_S238_L002_R2_001.fastq.gz
34	1	ILLUMINA	/scratch/user/jfaberha/20250811_113557/admera/gp_analysis/rudflies/H7JTLDSXF/8022/34_S75_L002_R1_001.fastq.gz	/scratch/user/jfaberha/20250811_113557/admera/gp_analysis/rudflies/H7JTLDSXF/8022/34_S75_L002_R2_001.fastq.gz
35	1	ILLUMINA	/scratch/user/jfaberha/20250811_113557/admera/gp_analysis/rudflies/H7JTLDSXF/8022/35_S83_L002_R1_001.fastq.gz	/scratch/user/jfaberha/20250811_113557/admera/gp_analysis/rudflies/H7JTLDSXF/8022/35_S83_L002_R2_001.fastq.gz
35	2	ILLUMINA	/scratch/user/jfaberha/20250811_113557/admera/gp_analysis/rudflies_batch2/9373/pool-1/35_S239_L002_R1_001.fastq.gz	/scratch/user/jfaberha/20250811_113557/admera/gp_analysis/rudflies_batch2/9373/pool-1/35_S239_L002_R2_001.fastq.gz
36	1	ILLUMINA	/scratch/user/jfaberha/20250811_113557/admera/gp_analysis/rudflies/H7JTLDSXF/8022/36_S91_L002_R1_001.fastq.gz	/scratch/user/jfaberha/20250811_113557/admera/gp_analysis/rudflies/H7JTLDSXF/8022/36_S91_L002_R2_001.fastq.gz
37	1	ILLUMINA	/scratch/user/jfaberha/20250811_113557/admera/gp_analysis/rudflies/H7JTLDSXF/8022/37_S4_L002_R1_001.fastq.gz	/scratch/user/jfaberha/20250811_113557/admera/gp_analysis/rudflies/H7JTLDSXF/8022/37_S4_L002_R2_001.fastq.gz
38	1	ILLUMINA	/scratch/user/jfaberha/20250811_113557/admera/gp_analysis/rudflies/H7JTLDSXF/8022/38_S12_L002_R1_001.fastq.gz	/scratch/user/jfaberha/20250811_113557/admera/gp_analysis/rudflies/H7JTLDSXF/8022/38_S12_L002_R2_001.fastq.gz
39	1	ILLUMINA	/scratch/user/jfaberha/20250811_113557/admera/gp_analysis/rudflies/H7JTLDSXF/8022/39_S20_L002_R1_001.fastq.gz	/scratch/user/jfaberha/20250811_113557/admera/gp_analysis/rudflies/H7JTLDSXF/8022/39_S20_L002_R2_001.fastq.gz
39	2	ILLUMINA	/scratch/user/jfaberha/20250811_113557/admera/gp_analysis/rudflies_batch2/9373/pool-1/39_S240_L002_R1_001.fastq.gz	/scratch/user/jfaberha/20250811_113557/admera/gp_analysis/rudflies_batch2/9373/pool-1/39_S240_L002_R2_001.fastq.gz
40	1	ILLUMINA	/scratch/user/jfaberha/20250811_113557/admera/gp_analysis/rudflies/H7JTLDSXF/8022/40_S28_L002_R1_001.fastq.gz	/scratch/user/jfaberha/20250811_113557/admera/gp_analysis/rudflies/H7JTLDSXF/8022/40_S28_L002_R2_001.fastq.gz
40	2	ILLUMINA	/scratch/user/jfaberha/20250811_113557/admera/gp_analysis/rudflies_batch2/9373/pool-1/40_S241_L002_R1_001.fastq.gz	/scratch/user/jfaberha/20250811_113557/admera/gp_analysis/rudflies_batch2/9373/pool-1/40_S241_L002_R2_001.fastq.gz
41	1	ILLUMINA	/scratch/user/jfaberha/20250811_113557/admera/gp_analysis/rudflies/H7JTLDSXF/8022/41_S36_L002_R1_001.fastq.gz	/scratch/user/jfaberha/20250811_113557/admera/gp_analysis/rudflies/H7JTLDSXF/8022/41_S36_L002_R2_001.fastq.gz
42	1	ILLUMINA	/scratch/user/jfaberha/20250811_113557/admera/gp_analysis/rudflies/H7JTLDSXF/8022/42_S44_L002_R1_001.fastq.gz	/scratch/user/jfaberha/20250811_113557/admera/gp_analysis/rudflies/H7JTLDSXF/8022/42_S44_L002_R2_001.fastq.gz
43	1	ILLUMINA	/scratch/user/jfaberha/20250811_113557/admera/gp_analysis/rudflies/H7JTLDSXF/8022/43_S52_L002_R1_001.fastq.gz	/scratch/user/jfaberha/20250811_113557/admera/gp_analysis/rudflies/H7JTLDSXF/8022/43_S52_L002_R2_001.fastq.gz
43	2	ILLUMINA	/scratch/user/jfaberha/20250811_113557/admera/gp_analysis/rudflies_batch2/9373/pool-1/43_S242_L002_R1_001.fastq.gz	/scratch/user/jfaberha/20250811_113557/admera/gp_analysis/rudflies_batch2/9373/pool-1/43_S242_L002_R2_001.fastq.gz
44	1	ILLUMINA	/scratch/user/jfaberha/20250811_113557/admera/gp_analysis/rudflies/H7JTLDSXF/8022/44_S60_L002_R1_001.fastq.gz	/scratch/user/jfaberha/20250811_113557/admera/gp_analysis/rudflies/H7JTLDSXF/8022/44_S60_L002_R2_001.fastq.gz
45	1	ILLUMINA	/scratch/user/jfaberha/20250811_113557/admera/gp_analysis/rudflies/H7JTLDSXF/8022/45_S68_L002_R1_001.fastq.gz	/scratch/user/jfaberha/20250811_113557/admera/gp_analysis/rudflies/H7JTLDSXF/8022/45_S68_L002_R2_001.fastq.gz
46	1	ILLUMINA	/scratch/user/jfaberha/20250811_113557/admera/gp_analysis/rudflies/H7JTLDSXF/8022/46_S76_L002_R1_001.fastq.gz	/scratch/user/jfaberha/20250811_113557/admera/gp_analysis/rudflies/H7JTLDSXF/8022/46_S76_L002_R2_001.fastq.gz
47	1	ILLUMINA	/scratch/user/jfaberha/20250811_113557/admera/gp_analysis/rudflies/H7JTLDSXF/8022/47_S84_L002_R1_001.fastq.gz	/scratch/user/jfaberha/20250811_113557/admera/gp_analysis/rudflies/H7JTLDSXF/8022/47_S84_L002_R2_001.fastq.gz
47	2	ILLUMINA	/scratch/user/jfaberha/20250811_113557/admera/gp_analysis/rudflies_batch2/9373/pool-1/47_S243_L002_R1_001.fastq.gz	/scratch/user/jfaberha/20250811_113557/admera/gp_analysis/rudflies_batch2/9373/pool-1/47_S243_L002_R2_001.fastq.gz
48	1	ILLUMINA	/scratch/user/jfaberha/20250811_113557/admera/gp_analysis/rudflies/H7JTLDSXF/8022/48_S92_L002_R1_001.fastq.gz	/scratch/user/jfaberha/20250811_113557/admera/gp_analysis/rudflies/H7JTLDSXF/8022/48_S92_L002_R2_001.fastq.gz
49	1	ILLUMINA	/scratch/user/jfaberha/20250811_113557/admera/gp_analysis/rudflies/H7JTLDSXF/8022/49_S5_L002_R1_001.fastq.gz	/scratch/user/jfaberha/20250811_113557/admera/gp_analysis/rudflies/H7JTLDSXF/8022/49_S5_L002_R2_001.fastq.gz
49	2	ILLUMINA	/scratch/user/jfaberha/20250811_113557/admera/gp_analysis/rudflies_batch2/9373/pool-1/49_S244_L002_R1_001.fastq.gz	/scratch/user/jfaberha/20250811_113557/admera/gp_analysis/rudflies_batch2/9373/pool-1/49_S244_L002_R2_001.fastq.gz
50	1	ILLUMINA	/scratch/user/jfaberha/20250811_113557/admera/gp_analysis/rudflies/H7JTLDSXF/8022/50_S13_L002_R1_001.fastq.gz	/scratch/user/jfaberha/20250811_113557/admera/gp_analysis/rudflies/H7JTLDSXF/8022/50_S13_L002_R2_001.fastq.gz
51	1	ILLUMINA	/scratch/user/jfaberha/20250811_113557/admera/gp_analysis/rudflies/H7JTLDSXF/8022/51_S21_L002_R1_001.fastq.gz	/scratch/user/jfaberha/20250811_113557/admera/gp_analysis/rudflies/H7JTLDSXF/8022/51_S21_L002_R2_001.fastq.gz
51	2	ILLUMINA	/scratch/user/jfaberha/20250811_113557/admera/gp_analysis/rudflies_batch2/9373/pool-1/51_S245_L002_R1_001.fastq.gz	/scratch/user/jfaberha/20250811_113557/admera/gp_analysis/rudflies_batch2/9373/pool-1/51_S245_L002_R2_001.fastq.gz
52	1	ILLUMINA	/scratch/user/jfaberha/20250811_113557/admera/gp_analysis/rudflies/H7JTLDSXF/8022/52_S29_L002_R1_001.fastq.gz	/scratch/user/jfaberha/20250811_113557/admera/gp_analysis/rudflies/H7JTLDSXF/8022/52_S29_L002_R2_001.fastq.gz
53	1	ILLUMINA	/scratch/user/jfaberha/20250811_113557/admera/gp_analysis/rudflies/H7JTLDSXF/8022/53_S37_L002_R1_001.fastq.gz	/scratch/user/jfaberha/20250811_113557/admera/gp_analysis/rudflies/H7JTLDSXF/8022/53_S37_L002_R2_001.fastq.gz
54	1	ILLUMINA	/scratch/user/jfaberha/20250811_113557/admera/gp_analysis/rudflies/H7JTLDSXF/8022/54_S45_L002_R1_001.fastq.gz	/scratch/user/jfaberha/20250811_113557/admera/gp_analysis/rudflies/H7JTLDSXF/8022/54_S45_L002_R2_001.fastq.gz
55	1	ILLUMINA	/scratch/user/jfaberha/20250811_113557/admera/gp_analysis/rudflies/H7JTLDSXF/8022/55_S53_L002_R1_001.fastq.gz	/scratch/user/jfaberha/20250811_113557/admera/gp_analysis/rudflies/H7JTLDSXF/8022/55_S53_L002_R2_001.fastq.gz
56	1	ILLUMINA	/scratch/user/jfaberha/20250811_113557/admera/gp_analysis/rudflies/H7JTLDSXF/8022/56_S61_L002_R1_001.fastq.gz	/scratch/user/jfaberha/20250811_113557/admera/gp_analysis/rudflies/H7JTLDSXF/8022/56_S61_L002_R2_001.fastq.gz
57	1	ILLUMINA	/scratch/user/jfaberha/20250811_113557/admera/gp_analysis/rudflies/H7JTLDSXF/8022/57_S69_L002_R1_001.fastq.gz	/scratch/user/jfaberha/20250811_113557/admera/gp_analysis/rudflies/H7JTLDSXF/8022/57_S69_L002_R2_001.fastq.gz
57	2	ILLUMINA	/scratch/user/jfaberha/20250811_113557/admera/gp_analysis/rudflies_batch2/9373/pool-1/57_S246_L002_R1_001.fastq.gz	/scratch/user/jfaberha/20250811_113557/admera/gp_analysis/rudflies_batch2/9373/pool-1/57_S246_L002_R2_001.fastq.gz
58	1	ILLUMINA	/scratch/user/jfaberha/20250811_113557/admera/gp_analysis/rudflies/H7JTLDSXF/8022/58_S77_L002_R1_001.fastq.gz	/scratch/user/jfaberha/20250811_113557/admera/gp_analysis/rudflies/H7JTLDSXF/8022/58_S77_L002_R2_001.fastq.gz
58	2	ILLUMINA	/scratch/user/jfaberha/20250811_113557/admera/gp_analysis/rudflies_batch2/9373/pool-1/58_S247_L002_R1_001.fastq.gz	/scratch/user/jfaberha/20250811_113557/admera/gp_analysis/rudflies_batch2/9373/pool-1/58_S247_L002_R2_001.fastq.gz
59	1	ILLUMINA	/scratch/user/jfaberha/20250811_113557/admera/gp_analysis/rudflies/H7JTLDSXF/8022/59_S85_L002_R1_001.fastq.gz	/scratch/user/jfaberha/20250811_113557/admera/gp_analysis/rudflies/H7JTLDSXF/8022/59_S85_L002_R2_001.fastq.gz
60	1	ILLUMINA	/scratch/user/jfaberha/20250811_113557/admera/gp_analysis/rudflies/H7JTLDSXF/8022/60_S93_L002_R1_001.fastq.gz	/scratch/user/jfaberha/20250811_113557/admera/gp_analysis/rudflies/H7JTLDSXF/8022/60_S93_L002_R2_001.fastq.gz
61	1	ILLUMINA	/scratch/user/jfaberha/20250811_113557/admera/gp_analysis/rudflies/H7JTLDSXF/8022/61_S6_L002_R1_001.fastq.gz	/scratch/user/jfaberha/20250811_113557/admera/gp_analysis/rudflies/H7JTLDSXF/8022/61_S6_L002_R2_001.fastq.gz
62	1	ILLUMINA	/scratch/user/jfaberha/20250811_113557/admera/gp_analysis/rudflies/H7JTLDSXF/8022/62_S14_L002_R1_001.fastq.gz	/scratch/user/jfaberha/20250811_113557/admera/gp_analysis/rudflies/H7JTLDSXF/8022/62_S14_L002_R2_001.fastq.gz
63	1	ILLUMINA	/scratch/user/jfaberha/20250811_113557/admera/gp_analysis/rudflies/H7JTLDSXF/8022/63_S22_L002_R1_001.fastq.gz	/scratch/user/jfaberha/20250811_113557/admera/gp_analysis/rudflies/H7JTLDSXF/8022/63_S22_L002_R2_001.fastq.gz
64	1	ILLUMINA	/scratch/user/jfaberha/20250811_113557/admera/gp_analysis/rudflies/H7JTLDSXF/8022/64_S30_L002_R1_001.fastq.gz	/scratch/user/jfaberha/20250811_113557/admera/gp_analysis/rudflies/H7JTLDSXF/8022/64_S30_L002_R2_001.fastq.gz
65	1	ILLUMINA	/scratch/user/jfaberha/20250811_113557/admera/gp_analysis/rudflies/H7JTLDSXF/8022/65_S38_L002_R1_001.fastq.gz	/scratch/user/jfaberha/20250811_113557/admera/gp_analysis/rudflies/H7JTLDSXF/8022/65_S38_L002_R2_001.fastq.gz
66	1	ILLUMINA	/scratch/user/jfaberha/20250811_113557/admera/gp_analysis/rudflies/H7JTLDSXF/8022/66_S46_L002_R1_001.fastq.gz	/scratch/user/jfaberha/20250811_113557/admera/gp_analysis/rudflies/H7JTLDSXF/8022/66_S46_L002_R2_001.fastq.gz
67	1	ILLUMINA	/scratch/user/jfaberha/20250811_113557/admera/gp_analysis/rudflies/H7JTLDSXF/8022/67_S54_L002_R1_001.fastq.gz	/scratch/user/jfaberha/20250811_113557/admera/gp_analysis/rudflies/H7JTLDSXF/8022/67_S54_L002_R2_001.fastq.gz
67	2	ILLUMINA	/scratch/user/jfaberha/20250811_113557/admera/gp_analysis/rudflies_batch2/9373/pool-1/67_S248_L002_R1_001.fastq.gz	/scratch/user/jfaberha/20250811_113557/admera/gp_analysis/rudflies_batch2/9373/pool-1/67_S248_L002_R2_001.fastq.gz
68	1	ILLUMINA	/scratch/user/jfaberha/20250811_113557/admera/gp_analysis/rudflies/H7JTLDSXF/8022/68_S62_L002_R1_001.fastq.gz	/scratch/user/jfaberha/20250811_113557/admera/gp_analysis/rudflies/H7JTLDSXF/8022/68_S62_L002_R2_001.fastq.gz
68	2	ILLUMINA	/scratch/user/jfaberha/20250811_113557/admera/gp_analysis/rudflies_batch2/9373/pool-1/68_S249_L002_R1_001.fastq.gz	/scratch/user/jfaberha/20250811_113557/admera/gp_analysis/rudflies_batch2/9373/pool-1/68_S249_L002_R2_001.fastq.gz
69	1	ILLUMINA	/scratch/user/jfaberha/20250811_113557/admera/gp_analysis/rudflies/H7JTLDSXF/8022/69_S70_L002_R1_001.fastq.gz	/scratch/user/jfaberha/20250811_113557/admera/gp_analysis/rudflies/H7JTLDSXF/8022/69_S70_L002_R2_001.fastq.gz
70	1	ILLUMINA	/scratch/user/jfaberha/20250811_113557/admera/gp_analysis/rudflies/H7JTLDSXF/8022/70_S78_L002_R1_001.fastq.gz	/scratch/user/jfaberha/20250811_113557/admera/gp_analysis/rudflies/H7JTLDSXF/8022/70_S78_L002_R2_001.fastq.gz
71	1	ILLUMINA	/scratch/user/jfaberha/20250811_113557/admera/gp_analysis/rudflies/H7JTLDSXF/8022/71_S86_L002_R1_001.fastq.gz	/scratch/user/jfaberha/20250811_113557/admera/gp_analysis/rudflies/H7JTLDSXF/8022/71_S86_L002_R2_001.fastq.gz
72	1	ILLUMINA	/scratch/user/jfaberha/20250811_113557/admera/gp_analysis/rudflies/H7JTLDSXF/8022/72_S94_L002_R1_001.fastq.gz	/scratch/user/jfaberha/20250811_113557/admera/gp_analysis/rudflies/H7JTLDSXF/8022/72_S94_L002_R2_001.fastq.gz
73	1	ILLUMINA	/scratch/user/jfaberha/20250811_113557/admera/gp_analysis/rudflies/H7JTLDSXF/8022/73_S7_L002_R1_001.fastq.gz	/scratch/user/jfaberha/20250811_113557/admera/gp_analysis/rudflies/H7JTLDSXF/8022/73_S7_L002_R2_001.fastq.gz
74	1	ILLUMINA	/scratch/user/jfaberha/20250811_113557/admera/gp_analysis/rudflies/H7JTLDSXF/8022/74_S15_L002_R1_001.fastq.gz	/scratch/user/jfaberha/20250811_113557/admera/gp_analysis/rudflies/H7JTLDSXF/8022/74_S15_L002_R2_001.fastq.gz
75	1	ILLUMINA	/scratch/user/jfaberha/20250811_113557/admera/gp_analysis/rudflies/H7JTLDSXF/8022/75_S23_L002_R1_001.fastq.gz	/scratch/user/jfaberha/20250811_113557/admera/gp_analysis/rudflies/H7JTLDSXF/8022/75_S23_L002_R2_001.fastq.gz
76	1	ILLUMINA	/scratch/user/jfaberha/20250811_113557/admera/gp_analysis/rudflies/H7JTLDSXF/8022/76_S31_L002_R1_001.fastq.gz	/scratch/user/jfaberha/20250811_113557/admera/gp_analysis/rudflies/H7JTLDSXF/8022/76_S31_L002_R2_001.fastq.gz
77	1	ILLUMINA	/scratch/user/jfaberha/20250811_113557/admera/gp_analysis/rudflies/H7JTLDSXF/8022/77_S39_L002_R1_001.fastq.gz	/scratch/user/jfaberha/20250811_113557/admera/gp_analysis/rudflies/H7JTLDSXF/8022/77_S39_L002_R2_001.fastq.gz
78	1	ILLUMINA	/scratch/user/jfaberha/20250811_113557/admera/gp_analysis/rudflies/H7JTLDSXF/8022/78_S47_L002_R1_001.fastq.gz	/scratch/user/jfaberha/20250811_113557/admera/gp_analysis/rudflies/H7JTLDSXF/8022/78_S47_L002_R2_001.fastq.gz
79	1	ILLUMINA	/scratch/user/jfaberha/20250811_113557/admera/gp_analysis/rudflies/H7JTLDSXF/8022/79_S55_L002_R1_001.fastq.gz	/scratch/user/jfaberha/20250811_113557/admera/gp_analysis/rudflies/H7JTLDSXF/8022/79_S55_L002_R2_001.fastq.gz
80	1	ILLUMINA	/scratch/user/jfaberha/20250811_113557/admera/gp_analysis/rudflies/H7JTLDSXF/8022/80_S63_L002_R1_001.fastq.gz	/scratch/user/jfaberha/20250811_113557/admera/gp_analysis/rudflies/H7JTLDSXF/8022/80_S63_L002_R2_001.fastq.gz
81	1	ILLUMINA	/scratch/user/jfaberha/20250811_113557/admera/gp_analysis/rudflies/H7JTLDSXF/8022/81_S71_L002_R1_001.fastq.gz	/scratch/user/jfaberha/20250811_113557/admera/gp_analysis/rudflies/H7JTLDSXF/8022/81_S71_L002_R2_001.fastq.gz
82	1	ILLUMINA	/scratch/user/jfaberha/20250811_113557/admera/gp_analysis/rudflies/H7JTLDSXF/8022/82_S79_L002_R1_001.fastq.gz	/scratch/user/jfaberha/20250811_113557/admera/gp_analysis/rudflies/H7JTLDSXF/8022/82_S79_L002_R2_001.fastq.gz
83	1	ILLUMINA	/scratch/user/jfaberha/20250811_113557/admera/gp_analysis/rudflies/H7JTLDSXF/8022/83_S87_L002_R1_001.fastq.gz	/scratch/user/jfaberha/20250811_113557/admera/gp_analysis/rudflies/H7JTLDSXF/8022/83_S87_L002_R2_001.fastq.gz
84	1	ILLUMINA	/scratch/user/jfaberha/20250811_113557/admera/gp_analysis/rudflies/H7JTLDSXF/8022/84_S95_L002_R1_001.fastq.gz	/scratch/user/jfaberha/20250811_113557/admera/gp_analysis/rudflies/H7JTLDSXF/8022/84_S95_L002_R2_001.fastq.gz
85	1	ILLUMINA	/scratch/user/jfaberha/20250811_113557/admera/gp_analysis/rudflies/H7JTLDSXF/8022/85_S8_L002_R1_001.fastq.gz	/scratch/user/jfaberha/20250811_113557/admera/gp_analysis/rudflies/H7JTLDSXF/8022/85_S8_L002_R2_001.fastq.gz
86	1	ILLUMINA	/scratch/user/jfaberha/20250811_113557/admera/gp_analysis/rudflies/H7JTLDSXF/8022/86_S16_L002_R1_001.fastq.gz	/scratch/user/jfaberha/20250811_113557/admera/gp_analysis/rudflies/H7JTLDSXF/8022/86_S16_L002_R2_001.fastq.gz
87	1	ILLUMINA	/scratch/user/jfaberha/20250811_113557/admera/gp_analysis/rudflies/H7JTLDSXF/8022/87_S24_L002_R1_001.fastq.gz	/scratch/user/jfaberha/20250811_113557/admera/gp_analysis/rudflies/H7JTLDSXF/8022/87_S24_L002_R2_001.fastq.gz
88	1	ILLUMINA	/scratch/user/jfaberha/20250811_113557/admera/gp_analysis/rudflies/H7JTLDSXF/8022/88_S32_L002_R1_001.fastq.gz	/scratch/user/jfaberha/20250811_113557/admera/gp_analysis/rudflies/H7JTLDSXF/8022/88_S32_L002_R2_001.fastq.gz
89	1	ILLUMINA	/scratch/user/jfaberha/20250811_113557/admera/gp_analysis/rudflies/H7JTLDSXF/8022/89_S40_L002_R1_001.fastq.gz	/scratch/user/jfaberha/20250811_113557/admera/gp_analysis/rudflies/H7JTLDSXF/8022/89_S40_L002_R2_001.fastq.gz
90	1	ILLUMINA	/scratch/user/jfaberha/20250811_113557/admera/gp_analysis/rudflies/H7JTLDSXF/8022/90_S48_L002_R1_001.fastq.gz	/scratch/user/jfaberha/20250811_113557/admera/gp_analysis/rudflies/H7JTLDSXF/8022/90_S48_L002_R2_001.fastq.gz
91	1	ILLUMINA	/scratch/user/jfaberha/20250811_113557/admera/gp_analysis/rudflies/H7JTLDSXF/8022/91_S56_L002_R1_001.fastq.gz	/scratch/user/jfaberha/20250811_113557/admera/gp_analysis/rudflies/H7JTLDSXF/8022/91_S56_L002_R2_001.fastq.gz
92	1	ILLUMINA	/scratch/user/jfaberha/20250811_113557/admera/gp_analysis/rudflies/H7JTLDSXF/8022/92_S64_L002_R1_001.fastq.gz	/scratch/user/jfaberha/20250811_113557/admera/gp_analysis/rudflies/H7JTLDSXF/8022/92_S64_L002_R2_001.fastq.gz
93	1	ILLUMINA	/scratch/user/jfaberha/20250811_113557/admera/gp_analysis/rudflies/H7JTLDSXF/8022/93_S72_L002_R1_001.fastq.gz	/scratch/user/jfaberha/20250811_113557/admera/gp_analysis/rudflies/H7JTLDSXF/8022/93_S72_L002_R2_001.fastq.gz
94	1	ILLUMINA	/scratch/user/jfaberha/20250811_113557/admera/gp_analysis/rudflies/H7JTLDSXF/8022/94_S80_L002_R1_001.fastq.gz	/scratch/user/jfaberha/20250811_113557/admera/gp_analysis/rudflies/H7JTLDSXF/8022/94_S80_L002_R2_001.fastq.gz
95	1	ILLUMINA	/scratch/user/jfaberha/20250811_113557/admera/gp_analysis/rudflies/H7JTLDSXF/8022/95_S88_L002_R1_001.fastq.gz	/scratch/user/jfaberha/20250811_113557/admera/gp_analysis/rudflies/H7JTLDSXF/8022/95_S88_L002_R2_001.fastq.gz
96	1	ILLUMINA	/scratch/user/jfaberha/20250811_113557/admera/gp_analysis/rudflies/H7JTLDSXF/8022/96_S96_L002_R1_001.fastq.gz	/scratch/user/jfaberha/20250811_113557/admera/gp_analysis/rudflies/H7JTLDSXF/8022/96_S96_L002_R2_001.fastq.gz
97	1	ILLUMINA	/scratch/user/jfaberha/20250811_113557/admera/gp_analysis/rudflies/H7JTLDSXF/8022/97_S97_L002_R1_001.fastq.gz	/scratch/user/jfaberha/20250811_113557/admera/gp_analysis/rudflies/H7JTLDSXF/8022/97_S97_L002_R2_001.fastq.gz
98	1	ILLUMINA	/scratch/user/jfaberha/20250811_113557/admera/gp_analysis/rudflies/H7JTLDSXF/8022/98_S104_L002_R1_001.fastq.gz	/scratch/user/jfaberha/20250811_113557/admera/gp_analysis/rudflies/H7JTLDSXF/8022/98_S104_L002_R2_001.fastq.gz
99	1	ILLUMINA	/scratch/user/jfaberha/20250811_113557/admera/gp_analysis/rudflies/H7JTLDSXF/8022/99_S111_L002_R1_001.fastq.gz	/scratch/user/jfaberha/20250811_113557/admera/gp_analysis/rudflies/H7JTLDSXF/8022/99_S111_L002_R2_001.fastq.gz
100	1	ILLUMINA	/scratch/user/jfaberha/20250811_113557/admera/gp_analysis/rudflies/H7JTLDSXF/8022/100_S118_L002_R1_001.fastq.gz	/scratch/user/jfaberha/20250811_113557/admera/gp_analysis/rudflies/H7JTLDSXF/8022/100_S118_L002_R2_001.fastq.gz
101	1	ILLUMINA	/scratch/user/jfaberha/20250811_113557/admera/gp_analysis/rudflies/H7JTLDSXF/8022/101_S125_L002_R1_001.fastq.gz	/scratch/user/jfaberha/20250811_113557/admera/gp_analysis/rudflies/H7JTLDSXF/8022/101_S125_L002_R2_001.fastq.gz
102	1	ILLUMINA	/scratch/user/jfaberha/20250811_113557/admera/gp_analysis/rudflies/H7JTLDSXF/8022/102_S132_L002_R1_001.fastq.gz	/scratch/user/jfaberha/20250811_113557/admera/gp_analysis/rudflies/H7JTLDSXF/8022/102_S132_L002_R2_001.fastq.gz
103	1	ILLUMINA	/scratch/user/jfaberha/20250811_113557/admera/gp_analysis/rudflies/H7JTLDSXF/8022/103_S138_L002_R1_001.fastq.gz	/scratch/user/jfaberha/20250811_113557/admera/gp_analysis/rudflies/H7JTLDSXF/8022/103_S138_L002_R2_001.fastq.gz
104	1	ILLUMINA	/scratch/user/jfaberha/20250811_113557/admera/gp_analysis/rudflies/H7JTLDSXF/8022/104_S144_L002_R1_001.fastq.gz	/scratch/user/jfaberha/20250811_113557/admera/gp_analysis/rudflies/H7JTLDSXF/8022/104_S144_L002_R2_001.fastq.gz
105	1	ILLUMINA	/scratch/user/jfaberha/20250811_113557/admera/gp_analysis/rudflies/H7JTLDSXF/8022/105_S150_L002_R1_001.fastq.gz	/scratch/user/jfaberha/20250811_113557/admera/gp_analysis/rudflies/H7JTLDSXF/8022/105_S150_L002_R2_001.fastq.gz
106	1	ILLUMINA	/scratch/user/jfaberha/20250811_113557/admera/gp_analysis/rudflies/H7JTLDSXF/8022/106_S156_L002_R1_001.fastq.gz	/scratch/user/jfaberha/20250811_113557/admera/gp_analysis/rudflies/H7JTLDSXF/8022/106_S156_L002_R2_001.fastq.gz
107	1	ILLUMINA	/scratch/user/jfaberha/20250811_113557/admera/gp_analysis/rudflies/H7JTLDSXF/8022/107_S162_L002_R1_001.fastq.gz	/scratch/user/jfaberha/20250811_113557/admera/gp_analysis/rudflies/H7JTLDSXF/8022/107_S162_L002_R2_001.fastq.gz
108	1	ILLUMINA	/scratch/user/jfaberha/20250811_113557/admera/gp_analysis/rudflies/H7JTLDSXF/8022/108_S168_L002_R1_001.fastq.gz	/scratch/user/jfaberha/20250811_113557/admera/gp_analysis/rudflies/H7JTLDSXF/8022/108_S168_L002_R2_001.fastq.gz
109	1	ILLUMINA	/scratch/user/jfaberha/20250811_113557/admera/gp_analysis/rudflies/H7JTLDSXF/8022/109_S98_L002_R1_001.fastq.gz	/scratch/user/jfaberha/20250811_113557/admera/gp_analysis/rudflies/H7JTLDSXF/8022/109_S98_L002_R2_001.fastq.gz
110	1	ILLUMINA	/scratch/user/jfaberha/20250811_113557/admera/gp_analysis/rudflies_batch2/9373/pool-1/110_S252_L002_R1_001.fastq.gz	/scratch/user/jfaberha/20250811_113557/admera/gp_analysis/rudflies_batch2/9373/pool-1/110_S252_L002_R2_001.fastq.gz
111	1	ILLUMINA	/scratch/user/jfaberha/20250811_113557/admera/gp_analysis/rudflies/H7JTLDSXF/8022/111_S112_L002_R1_001.fastq.gz	/scratch/user/jfaberha/20250811_113557/admera/gp_analysis/rudflies/H7JTLDSXF/8022/111_S112_L002_R2_001.fastq.gz
112	1	ILLUMINA	/scratch/user/jfaberha/20250811_113557/admera/gp_analysis/rudflies/H7JTLDSXF/8022/112_S119_L002_R1_001.fastq.gz	/scratch/user/jfaberha/20250811_113557/admera/gp_analysis/rudflies/H7JTLDSXF/8022/112_S119_L002_R2_001.fastq.gz
113	1	ILLUMINA	/scratch/user/jfaberha/20250811_113557/admera/gp_analysis/rudflies/H7JTLDSXF/8022/113_S126_L002_R1_001.fastq.gz	/scratch/user/jfaberha/20250811_113557/admera/gp_analysis/rudflies/H7JTLDSXF/8022/113_S126_L002_R2_001.fastq.gz
114	1	ILLUMINA	/scratch/user/jfaberha/20250811_113557/admera/gp_analysis/rudflies_batch2/9373/pool-1/114_S253_L002_R1_001.fastq.gz	/scratch/user/jfaberha/20250811_113557/admera/gp_analysis/rudflies_batch2/9373/pool-1/114_S253_L002_R2_001.fastq.gz
115	1	ILLUMINA	/scratch/user/jfaberha/20250811_113557/admera/gp_analysis/rudflies/H7JTLDSXF/8022/115_S139_L002_R1_001.fastq.gz	/scratch/user/jfaberha/20250811_113557/admera/gp_analysis/rudflies/H7JTLDSXF/8022/115_S139_L002_R2_001.fastq.gz
116	1	ILLUMINA	/scratch/user/jfaberha/20250811_113557/admera/gp_analysis/rudflies_batch2/9373/pool-1/116_S254_L002_R1_001.fastq.gz	/scratch/user/jfaberha/20250811_113557/admera/gp_analysis/rudflies_batch2/9373/pool-1/116_S254_L002_R2_001.fastq.gz
117	1	ILLUMINA	/scratch/user/jfaberha/20250811_113557/admera/gp_analysis/rudflies/H7JTLDSXF/8022/117_S151_L002_R1_001.fastq.gz	/scratch/user/jfaberha/20250811_113557/admera/gp_analysis/rudflies/H7JTLDSXF/8022/117_S151_L002_R2_001.fastq.gz
118	1	ILLUMINA	/scratch/user/jfaberha/20250811_113557/admera/gp_analysis/rudflies/H7JTLDSXF/8022/118_S157_L002_R1_001.fastq.gz	/scratch/user/jfaberha/20250811_113557/admera/gp_analysis/rudflies/H7JTLDSXF/8022/118_S157_L002_R2_001.fastq.gz
119	1	ILLUMINA	/scratch/user/jfaberha/20250811_113557/admera/gp_analysis/rudflies/H7JTLDSXF/8022/119_S163_L002_R1_001.fastq.gz	/scratch/user/jfaberha/20250811_113557/admera/gp_analysis/rudflies/H7JTLDSXF/8022/119_S163_L002_R2_001.fastq.gz
120	1	ILLUMINA	/scratch/user/jfaberha/20250811_113557/admera/gp_analysis/rudflies/H7JTLDSXF/8022/120_S169_L002_R1_001.fastq.gz	/scratch/user/jfaberha/20250811_113557/admera/gp_analysis/rudflies/H7JTLDSXF/8022/120_S169_L002_R2_001.fastq.gz
121	1	ILLUMINA	/scratch/user/jfaberha/20250811_113557/admera/gp_analysis/rudflies/H7JTLDSXF/8022/121_S99_L002_R1_001.fastq.gz	/scratch/user/jfaberha/20250811_113557/admera/gp_analysis/rudflies/H7JTLDSXF/8022/121_S99_L002_R2_001.fastq.gz
122	1	ILLUMINA	/scratch/user/jfaberha/20250811_113557/admera/gp_analysis/rudflies/H7JTLDSXF/8022/122_S106_L002_R1_001.fastq.gz	/scratch/user/jfaberha/20250811_113557/admera/gp_analysis/rudflies/H7JTLDSXF/8022/122_S106_L002_R2_001.fastq.gz
123	1	ILLUMINA	/scratch/user/jfaberha/20250811_113557/admera/gp_analysis/rudflies/H7JTLDSXF/8022/123_S113_L002_R1_001.fastq.gz	/scratch/user/jfaberha/20250811_113557/admera/gp_analysis/rudflies/H7JTLDSXF/8022/123_S113_L002_R2_001.fastq.gz
123	2	ILLUMINA	/scratch/user/jfaberha/20250811_113557/admera/gp_analysis/rudflies_batch2/9373/pool-1/123_S234_L002_R1_001.fastq.gz	/scratch/user/jfaberha/20250811_113557/admera/gp_analysis/rudflies_batch2/9373/pool-1/123_S234_L002_R2_001.fastq.gz
124	1	ILLUMINA	/scratch/user/jfaberha/20250811_113557/admera/gp_analysis/rudflies/H7JTLDSXF/8022/124_S120_L002_R1_001.fastq.gz	/scratch/user/jfaberha/20250811_113557/admera/gp_analysis/rudflies/H7JTLDSXF/8022/124_S120_L002_R2_001.fastq.gz
124	2	ILLUMINA	/scratch/user/jfaberha/20250811_113557/admera/gp_analysis/rudflies_batch2/9373/pool-1/124_S195_L002_R1_001.fastq.gz	/scratch/user/jfaberha/20250811_113557/admera/gp_analysis/rudflies_batch2/9373/pool-1/124_S195_L002_R2_001.fastq.gz
125	1	ILLUMINA	/scratch/user/jfaberha/20250811_113557/admera/gp_analysis/rudflies/H7JTLDSXF/8022/125_S127_L002_R1_001.fastq.gz	/scratch/user/jfaberha/20250811_113557/admera/gp_analysis/rudflies/H7JTLDSXF/8022/125_S127_L002_R2_001.fastq.gz
125	2	ILLUMINA	/scratch/user/jfaberha/20250811_113557/admera/gp_analysis/rudflies_batch2/9373/pool-1/125_S199_L002_R1_001.fastq.gz	/scratch/user/jfaberha/20250811_113557/admera/gp_analysis/rudflies_batch2/9373/pool-1/125_S199_L002_R2_001.fastq.gz
126	1	ILLUMINA	/scratch/user/jfaberha/20250811_113557/admera/gp_analysis/rudflies/H7JTLDSXF/8022/126_S134_L002_R1_001.fastq.gz	/scratch/user/jfaberha/20250811_113557/admera/gp_analysis/rudflies/H7JTLDSXF/8022/126_S134_L002_R2_001.fastq.gz
126	2	ILLUMINA	/scratch/user/jfaberha/20250811_113557/admera/gp_analysis/rudflies_batch2/9373/pool-1/126_S203_L002_R1_001.fastq.gz	/scratch/user/jfaberha/20250811_113557/admera/gp_analysis/rudflies_batch2/9373/pool-1/126_S203_L002_R2_001.fastq.gz
127	1	ILLUMINA	/scratch/user/jfaberha/20250811_113557/admera/gp_analysis/rudflies/H7JTLDSXF/8022/127_S140_L002_R1_001.fastq.gz	/scratch/user/jfaberha/20250811_113557/admera/gp_analysis/rudflies/H7JTLDSXF/8022/127_S140_L002_R2_001.fastq.gz
127	2	ILLUMINA	/scratch/user/jfaberha/20250811_113557/admera/gp_analysis/rudflies_batch2/9373/pool-1/127_S207_L002_R1_001.fastq.gz	/scratch/user/jfaberha/20250811_113557/admera/gp_analysis/rudflies_batch2/9373/pool-1/127_S207_L002_R2_001.fastq.gz
128	1	ILLUMINA	/scratch/user/jfaberha/20250811_113557/admera/gp_analysis/rudflies/H7JTLDSXF/8022/128_S146_L002_R1_001.fastq.gz	/scratch/user/jfaberha/20250811_113557/admera/gp_analysis/rudflies/H7JTLDSXF/8022/128_S146_L002_R2_001.fastq.gz
128	2	ILLUMINA	/scratch/user/jfaberha/20250811_113557/admera/gp_analysis/rudflies_batch2/9373/pool-1/128_S211_L002_R1_001.fastq.gz	/scratch/user/jfaberha/20250811_113557/admera/gp_analysis/rudflies_batch2/9373/pool-1/128_S211_L002_R2_001.fastq.gz
129	1	ILLUMINA	/scratch/user/jfaberha/20250811_113557/admera/gp_analysis/rudflies/H7JTLDSXF/8022/129_S152_L002_R1_001.fastq.gz	/scratch/user/jfaberha/20250811_113557/admera/gp_analysis/rudflies/H7JTLDSXF/8022/129_S152_L002_R2_001.fastq.gz
129	2	ILLUMINA	/scratch/user/jfaberha/20250811_113557/admera/gp_analysis/rudflies_batch2/9373/pool-1/129_S215_L002_R1_001.fastq.gz	/scratch/user/jfaberha/20250811_113557/admera/gp_analysis/rudflies_batch2/9373/pool-1/129_S215_L002_R2_001.fastq.gz
130	1	ILLUMINA	/scratch/user/jfaberha/20250811_113557/admera/gp_analysis/rudflies/H7JTLDSXF/8022/130_S158_L002_R1_001.fastq.gz	/scratch/user/jfaberha/20250811_113557/admera/gp_analysis/rudflies/H7JTLDSXF/8022/130_S158_L002_R2_001.fastq.gz
130	2	ILLUMINA	/scratch/user/jfaberha/20250811_113557/admera/gp_analysis/rudflies_batch2/9373/pool-1/130_S219_L002_R1_001.fastq.gz	/scratch/user/jfaberha/20250811_113557/admera/gp_analysis/rudflies_batch2/9373/pool-1/130_S219_L002_R2_001.fastq.gz
131	1	ILLUMINA	/scratch/user/jfaberha/20250811_113557/admera/gp_analysis/rudflies/H7JTLDSXF/8022/131_S164_L002_R1_001.fastq.gz	/scratch/user/jfaberha/20250811_113557/admera/gp_analysis/rudflies/H7JTLDSXF/8022/131_S164_L002_R2_001.fastq.gz
132	1	ILLUMINA	/scratch/user/jfaberha/20250811_113557/admera/gp_analysis/rudflies/H7JTLDSXF/8022/132_S170_L002_R1_001.fastq.gz	/scratch/user/jfaberha/20250811_113557/admera/gp_analysis/rudflies/H7JTLDSXF/8022/132_S170_L002_R2_001.fastq.gz
133	1	ILLUMINA	/scratch/user/jfaberha/20250811_113557/admera/gp_analysis/rudflies_batch2/9373/pool-1/133_S255_L002_R1_001.fastq.gz	/scratch/user/jfaberha/20250811_113557/admera/gp_analysis/rudflies_batch2/9373/pool-1/133_S255_L002_R2_001.fastq.gz
134	1	ILLUMINA	/scratch/user/jfaberha/20250811_113557/admera/gp_analysis/rudflies/H7JTLDSXF/8022/134_S107_L002_R1_001.fastq.gz	/scratch/user/jfaberha/20250811_113557/admera/gp_analysis/rudflies/H7JTLDSXF/8022/134_S107_L002_R2_001.fastq.gz
135	1	ILLUMINA	/scratch/user/jfaberha/20250811_113557/admera/gp_analysis/rudflies/H7JTLDSXF/8022/135_S114_L002_R1_001.fastq.gz	/scratch/user/jfaberha/20250811_113557/admera/gp_analysis/rudflies/H7JTLDSXF/8022/135_S114_L002_R2_001.fastq.gz
136	1	ILLUMINA	/scratch/user/jfaberha/20250811_113557/admera/gp_analysis/rudflies/H7JTLDSXF/8022/136_S121_L002_R1_001.fastq.gz	/scratch/user/jfaberha/20250811_113557/admera/gp_analysis/rudflies/H7JTLDSXF/8022/136_S121_L002_R2_001.fastq.gz
137	1	ILLUMINA	/scratch/user/jfaberha/20250811_113557/admera/gp_analysis/rudflies/H7JTLDSXF/8022/137_S128_L002_R1_001.fastq.gz	/scratch/user/jfaberha/20250811_113557/admera/gp_analysis/rudflies/H7JTLDSXF/8022/137_S128_L002_R2_001.fastq.gz
138	1	ILLUMINA	/scratch/user/jfaberha/20250811_113557/admera/gp_analysis/rudflies/H7JTLDSXF/8022/138_S135_L002_R1_001.fastq.gz	/scratch/user/jfaberha/20250811_113557/admera/gp_analysis/rudflies/H7JTLDSXF/8022/138_S135_L002_R2_001.fastq.gz
139	1	ILLUMINA	/scratch/user/jfaberha/20250811_113557/admera/gp_analysis/rudflies/H7JTLDSXF/8022/139_S141_L002_R1_001.fastq.gz	/scratch/user/jfaberha/20250811_113557/admera/gp_analysis/rudflies/H7JTLDSXF/8022/139_S141_L002_R2_001.fastq.gz
140	1	ILLUMINA	/scratch/user/jfaberha/20250811_113557/admera/gp_analysis/rudflies/H7JTLDSXF/8022/140_S147_L002_R1_001.fastq.gz	/scratch/user/jfaberha/20250811_113557/admera/gp_analysis/rudflies/H7JTLDSXF/8022/140_S147_L002_R2_001.fastq.gz
141	1	ILLUMINA	/scratch/user/jfaberha/20250811_113557/admera/gp_analysis/rudflies/H7JTLDSXF/8022/141_S153_L002_R1_001.fastq.gz	/scratch/user/jfaberha/20250811_113557/admera/gp_analysis/rudflies/H7JTLDSXF/8022/141_S153_L002_R2_001.fastq.gz
142	1	ILLUMINA	/scratch/user/jfaberha/20250811_113557/admera/gp_analysis/rudflies/H7JTLDSXF/8022/142_S159_L002_R1_001.fastq.gz	/scratch/user/jfaberha/20250811_113557/admera/gp_analysis/rudflies/H7JTLDSXF/8022/142_S159_L002_R2_001.fastq.gz
143	1	ILLUMINA	/scratch/user/jfaberha/20250811_113557/admera/gp_analysis/rudflies/H7JTLDSXF/8022/143_S165_L002_R1_001.fastq.gz	/scratch/user/jfaberha/20250811_113557/admera/gp_analysis/rudflies/H7JTLDSXF/8022/143_S165_L002_R2_001.fastq.gz
144	1	ILLUMINA	/scratch/user/jfaberha/20250811_113557/admera/gp_analysis/rudflies/H7JTLDSXF/8022/144_S171_L002_R1_001.fastq.gz	/scratch/user/jfaberha/20250811_113557/admera/gp_analysis/rudflies/H7JTLDSXF/8022/144_S171_L002_R2_001.fastq.gz
145	1	ILLUMINA	/scratch/user/jfaberha/20250811_113557/admera/gp_analysis/rudflies/H7JTLDSXF/8022/145_S101_L002_R1_001.fastq.gz	/scratch/user/jfaberha/20250811_113557/admera/gp_analysis/rudflies/H7JTLDSXF/8022/145_S101_L002_R2_001.fastq.gz
146	1	ILLUMINA	/scratch/user/jfaberha/20250811_113557/admera/gp_analysis/rudflies/H7JTLDSXF/8022/146_S108_L002_R1_001.fastq.gz	/scratch/user/jfaberha/20250811_113557/admera/gp_analysis/rudflies/H7JTLDSXF/8022/146_S108_L002_R2_001.fastq.gz
147	1	ILLUMINA	/scratch/user/jfaberha/20250811_113557/admera/gp_analysis/rudflies/H7JTLDSXF/8022/147_S115_L002_R1_001.fastq.gz	/scratch/user/jfaberha/20250811_113557/admera/gp_analysis/rudflies/H7JTLDSXF/8022/147_S115_L002_R2_001.fastq.gz
148	1	ILLUMINA	/scratch/user/jfaberha/20250811_113557/admera/gp_analysis/rudflies/H7JTLDSXF/8022/148_S122_L002_R1_001.fastq.gz	/scratch/user/jfaberha/20250811_113557/admera/gp_analysis/rudflies/H7JTLDSXF/8022/148_S122_L002_R2_001.fastq.gz
149	1	ILLUMINA	/scratch/user/jfaberha/20250811_113557/admera/gp_analysis/rudflies/H7JTLDSXF/8022/149_S129_L002_R1_001.fastq.gz	/scratch/user/jfaberha/20250811_113557/admera/gp_analysis/rudflies/H7JTLDSXF/8022/149_S129_L002_R2_001.fastq.gz
150	1	ILLUMINA	/scratch/user/jfaberha/20250811_113557/admera/gp_analysis/rudflies/H7JTLDSXF/8022/150_S136_L002_R1_001.fastq.gz	/scratch/user/jfaberha/20250811_113557/admera/gp_analysis/rudflies/H7JTLDSXF/8022/150_S136_L002_R2_001.fastq.gz
151	1	ILLUMINA	/scratch/user/jfaberha/20250811_113557/admera/gp_analysis/rudflies/H7JTLDSXF/8022/151_S142_L002_R1_001.fastq.gz	/scratch/user/jfaberha/20250811_113557/admera/gp_analysis/rudflies/H7JTLDSXF/8022/151_S142_L002_R2_001.fastq.gz
152	1	ILLUMINA	/scratch/user/jfaberha/20250811_113557/admera/gp_analysis/rudflies/H7JTLDSXF/8022/152_S148_L002_R1_001.fastq.gz	/scratch/user/jfaberha/20250811_113557/admera/gp_analysis/rudflies/H7JTLDSXF/8022/152_S148_L002_R2_001.fastq.gz
153	1	ILLUMINA	/scratch/user/jfaberha/20250811_113557/admera/gp_analysis/rudflies/H7JTLDSXF/8022/153_S154_L002_R1_001.fastq.gz	/scratch/user/jfaberha/20250811_113557/admera/gp_analysis/rudflies/H7JTLDSXF/8022/153_S154_L002_R2_001.fastq.gz
154	1	ILLUMINA	/scratch/user/jfaberha/20250811_113557/admera/gp_analysis/rudflies/H7JTLDSXF/8022/154_S160_L002_R1_001.fastq.gz	/scratch/user/jfaberha/20250811_113557/admera/gp_analysis/rudflies/H7JTLDSXF/8022/154_S160_L002_R2_001.fastq.gz
155	1	ILLUMINA	/scratch/user/jfaberha/20250811_113557/admera/gp_analysis/rudflies/H7JTLDSXF/8022/155_S166_L002_R1_001.fastq.gz	/scratch/user/jfaberha/20250811_113557/admera/gp_analysis/rudflies/H7JTLDSXF/8022/155_S166_L002_R2_001.fastq.gz
156	1	ILLUMINA	/scratch/user/jfaberha/20250811_113557/admera/gp_analysis/rudflies/H7JTLDSXF/8022/156_S172_L002_R1_001.fastq.gz	/scratch/user/jfaberha/20250811_113557/admera/gp_analysis/rudflies/H7JTLDSXF/8022/156_S172_L002_R2_001.fastq.gz
157	1	ILLUMINA	/scratch/user/jfaberha/20250811_113557/admera/gp_analysis/rudflies/H7JTLDSXF/8022/157_S102_L002_R1_001.fastq.gz	/scratch/user/jfaberha/20250811_113557/admera/gp_analysis/rudflies/H7JTLDSXF/8022/157_S102_L002_R2_001.fastq.gz
158	1	ILLUMINA	/scratch/user/jfaberha/20250811_113557/admera/gp_analysis/rudflies/H7JTLDSXF/8022/158_S109_L002_R1_001.fastq.gz	/scratch/user/jfaberha/20250811_113557/admera/gp_analysis/rudflies/H7JTLDSXF/8022/158_S109_L002_R2_001.fastq.gz
159	1	ILLUMINA	/scratch/user/jfaberha/20250811_113557/admera/gp_analysis/rudflies/H7JTLDSXF/8022/159_S116_L002_R1_001.fastq.gz	/scratch/user/jfaberha/20250811_113557/admera/gp_analysis/rudflies/H7JTLDSXF/8022/159_S116_L002_R2_001.fastq.gz
160	1	ILLUMINA	/scratch/user/jfaberha/20250811_113557/admera/gp_analysis/rudflies/H7JTLDSXF/8022/160_S123_L002_R1_001.fastq.gz	/scratch/user/jfaberha/20250811_113557/admera/gp_analysis/rudflies/H7JTLDSXF/8022/160_S123_L002_R2_001.fastq.gz
161	1	ILLUMINA	/scratch/user/jfaberha/20250811_113557/admera/gp_analysis/rudflies/H7JTLDSXF/8022/161_S130_L002_R1_001.fastq.gz	/scratch/user/jfaberha/20250811_113557/admera/gp_analysis/rudflies/H7JTLDSXF/8022/161_S130_L002_R2_001.fastq.gz
162	1	ILLUMINA	/scratch/user/jfaberha/20250811_113557/admera/gp_analysis/rudflies/H7JTLDSXF/8022/162_S137_L002_R1_001.fastq.gz	/scratch/user/jfaberha/20250811_113557/admera/gp_analysis/rudflies/H7JTLDSXF/8022/162_S137_L002_R2_001.fastq.gz
163	1	ILLUMINA	/scratch/user/jfaberha/20250811_113557/admera/gp_analysis/rudflies/H7JTLDSXF/8022/163_S143_L002_R1_001.fastq.gz	/scratch/user/jfaberha/20250811_113557/admera/gp_analysis/rudflies/H7JTLDSXF/8022/163_S143_L002_R2_001.fastq.gz
164	1	ILLUMINA	/scratch/user/jfaberha/20250811_113557/admera/gp_analysis/rudflies/H7JTLDSXF/8022/164_S149_L002_R1_001.fastq.gz	/scratch/user/jfaberha/20250811_113557/admera/gp_analysis/rudflies/H7JTLDSXF/8022/164_S149_L002_R2_001.fastq.gz
165	1	ILLUMINA	/scratch/user/jfaberha/20250811_113557/admera/gp_analysis/rudflies/H7JTLDSXF/8022/165_S155_L002_R1_001.fastq.gz	/scratch/user/jfaberha/20250811_113557/admera/gp_analysis/rudflies/H7JTLDSXF/8022/165_S155_L002_R2_001.fastq.gz
166	1	ILLUMINA	/scratch/user/jfaberha/20250811_113557/admera/gp_analysis/rudflies/H7JTLDSXF/8022/166_S161_L002_R1_001.fastq.gz	/scratch/user/jfaberha/20250811_113557/admera/gp_analysis/rudflies/H7JTLDSXF/8022/166_S161_L002_R2_001.fastq.gz
167	1	ILLUMINA	/scratch/user/jfaberha/20250811_113557/admera/gp_analysis/rudflies/H7JTLDSXF/8022/167_S167_L002_R1_001.fastq.gz	/scratch/user/jfaberha/20250811_113557/admera/gp_analysis/rudflies/H7JTLDSXF/8022/167_S167_L002_R2_001.fastq.gz
168	1	ILLUMINA	/scratch/user/jfaberha/20250811_113557/admera/gp_analysis/rudflies/H7JTLDSXF/8022/168_S173_L002_R1_001.fastq.gz	/scratch/user/jfaberha/20250811_113557/admera/gp_analysis/rudflies/H7JTLDSXF/8022/168_S173_L002_R2_001.fastq.gz
169	1	ILLUMINA	/scratch/user/jfaberha/20250811_113557/admera/gp_analysis/rudflies/H7JTLDSXF/8022/169_S103_L002_R1_001.fastq.gz	/scratch/user/jfaberha/20250811_113557/admera/gp_analysis/rudflies/H7JTLDSXF/8022/169_S103_L002_R2_001.fastq.gz
170	1	ILLUMINA	/scratch/user/jfaberha/20250811_113557/admera/gp_analysis/rudflies/H7JTLDSXF/8022/170_S110_L002_R1_001.fastq.gz	/scratch/user/jfaberha/20250811_113557/admera/gp_analysis/rudflies/H7JTLDSXF/8022/170_S110_L002_R2_001.fastq.gz
171	1	ILLUMINA	/scratch/user/jfaberha/20250811_113557/admera/gp_analysis/rudflies/H7JTLDSXF/8022/171_S117_L002_R1_001.fastq.gz	/scratch/user/jfaberha/20250811_113557/admera/gp_analysis/rudflies/H7JTLDSXF/8022/171_S117_L002_R2_001.fastq.gz
181	1	ILLUMINA	/scratch/user/jfaberha/20250811_113557/admera/gp_analysis/rudflies/H7JTLDSXF/8022/181_S124_L002_R1_001.fastq.gz	/scratch/user/jfaberha/20250811_113557/admera/gp_analysis/rudflies/H7JTLDSXF/8022/181_S124_L002_R2_001.fastq.gz
182	1	ILLUMINA	/scratch/user/jfaberha/20250811_113557/admera/gp_analysis/rudflies/H7JTLDSXF/8022/182_S131_L002_R1_001.fastq.gz	/scratch/user/jfaberha/20250811_113557/admera/gp_analysis/rudflies/H7JTLDSXF/8022/182_S131_L002_R2_001.fastq.gz
387843108	1	ILLUMINA	/scratch/user/jfaberha/20250811_113557/admera/gp_analysis/rudflies/H7JTLDSXF/8022/387843108_S217_L002_R1_001.fastq.gz	/scratch/user/jfaberha/20250811_113557/admera/gp_analysis/rudflies/H7JTLDSXF/8022/387843108_S217_L002_R2_001.fastq.gz
387856167	1	ILLUMINA	/scratch/user/jfaberha/20250811_113557/admera/gp_analysis/rudflies/H7JTLDSXF/8022/387856167_S218_L002_R1_001.fastq.gz	/scratch/user/jfaberha/20250811_113557/admera/gp_analysis/rudflies/H7JTLDSXF/8022/387856167_S218_L002_R2_001.fastq.gz
387856219	1	ILLUMINA	/scratch/user/jfaberha/20250811_113557/admera/gp_analysis/rudflies/H7JTLDSXF/8022/387856219_S219_L002_R1_001.fastq.gz	/scratch/user/jfaberha/20250811_113557/admera/gp_analysis/rudflies/H7JTLDSXF/8022/387856219_S219_L002_R2_001.fastq.gz
387856221	1	ILLUMINA	/scratch/user/jfaberha/20250811_113557/admera/gp_analysis/rudflies/H7JTLDSXF/8022/387856221_S220_L002_R1_001.fastq.gz	/scratch/user/jfaberha/20250811_113557/admera/gp_analysis/rudflies/H7JTLDSXF/8022/387856221_S220_L002_R2_001.fastq.gz
387856222	1	ILLUMINA	/scratch/user/jfaberha/20250811_113557/admera/gp_analysis/rudflies/H7JTLDSXF/8022/387856222_S221_L002_R1_001.fastq.gz	/scratch/user/jfaberha/20250811_113557/admera/gp_analysis/rudflies/H7JTLDSXF/8022/387856222_S221_L002_R2_001.fastq.gz
387856226	1	ILLUMINA	/scratch/user/jfaberha/20250811_113557/admera/gp_analysis/rudflies/H7JTLDSXF/8022/387856226_S222_L002_R1_001.fastq.gz	/scratch/user/jfaberha/20250811_113557/admera/gp_analysis/rudflies/H7JTLDSXF/8022/387856226_S222_L002_R2_001.fastq.gz
387856234	1	ILLUMINA	/scratch/user/jfaberha/20250811_113557/admera/gp_analysis/rudflies/H7JTLDSXF/8022/387856234_S223_L002_R1_001.fastq.gz	/scratch/user/jfaberha/20250811_113557/admera/gp_analysis/rudflies/H7JTLDSXF/8022/387856234_S223_L002_R2_001.fastq.gz
387856235	1	ILLUMINA	/scratch/user/jfaberha/20250811_113557/admera/gp_analysis/rudflies/H7JTLDSXF/8022/387856235_S224_L002_R1_001.fastq.gz	/scratch/user/jfaberha/20250811_113557/admera/gp_analysis/rudflies/H7JTLDSXF/8022/387856235_S224_L002_R2_001.fastq.gz
387856237	1	ILLUMINA	/scratch/user/jfaberha/20250811_113557/admera/gp_analysis/rudflies/H7JTLDSXF/8022/387856237_S225_L002_R1_001.fastq.gz	/scratch/user/jfaberha/20250811_113557/admera/gp_analysis/rudflies/H7JTLDSXF/8022/387856237_S225_L002_R2_001.fastq.gz
387856239	1	ILLUMINA	/scratch/user/jfaberha/20250811_113557/admera/gp_analysis/rudflies/H7JTLDSXF/8022/387856239_S226_L002_R1_001.fastq.gz	/scratch/user/jfaberha/20250811_113557/admera/gp_analysis/rudflies/H7JTLDSXF/8022/387856239_S226_L002_R2_001.fastq.gz
387856247	1	ILLUMINA	/scratch/user/jfaberha/20250811_113557/admera/gp_analysis/rudflies/H7JTLDSXF/8022/387856247_S227_L002_R1_001.fastq.gz	/scratch/user/jfaberha/20250811_113557/admera/gp_analysis/rudflies/H7JTLDSXF/8022/387856247_S227_L002_R2_001.fastq.gz
387860209	1	ILLUMINA	/scratch/user/jfaberha/20250811_113557/admera/gp_analysis/rudflies/H7JTLDSXF/8022/387860209_S236_L002_R1_001.fastq.gz	/scratch/user/jfaberha/20250811_113557/admera/gp_analysis/rudflies/H7JTLDSXF/8022/387860209_S236_L002_R2_001.fastq.gz
387860212	1	ILLUMINA	/scratch/user/jfaberha/20250811_113557/admera/gp_analysis/rudflies/H7JTLDSXF/8022/387860212_S237_L002_R1_001.fastq.gz	/scratch/user/jfaberha/20250811_113557/admera/gp_analysis/rudflies/H7JTLDSXF/8022/387860212_S237_L002_R2_001.fastq.gz
387860260	1	ILLUMINA	/scratch/user/jfaberha/20250811_113557/admera/gp_analysis/rudflies/H7JTLDSXF/8022/387860260_S238_L002_R1_001.fastq.gz	/scratch/user/jfaberha/20250811_113557/admera/gp_analysis/rudflies/H7JTLDSXF/8022/387860260_S238_L002_R2_001.fastq.gz
387860266	1	ILLUMINA	/scratch/user/jfaberha/20250811_113557/admera/gp_analysis/rudflies/H7JTLDSXF/8022/387860266_S239_L002_R1_001.fastq.gz	/scratch/user/jfaberha/20250811_113557/admera/gp_analysis/rudflies/H7JTLDSXF/8022/387860266_S239_L002_R2_001.fastq.gz
387860272	1	ILLUMINA	/scratch/user/jfaberha/20250811_113557/admera/gp_analysis/rudflies/H7JTLDSXF/8022/387860272_S240_L002_R1_001.fastq.gz	/scratch/user/jfaberha/20250811_113557/admera/gp_analysis/rudflies/H7JTLDSXF/8022/387860272_S240_L002_R2_001.fastq.gz
